Local time,Open,High,Low,Close,Volume
31.12.2018 01:30:00.000 GMT+0330,1280.235,1283.998,1277.365,1282.185,28331915.1402
01.01.2019 01:30:00.000 GMT+0330,1282.185,1282.185,1282.185,1282.185,0
02.01.2019 01:30:00.000 GMT+0330,1282.295,1288.668,1278.625,1284.215,37161757.3202
03.01.2019 01:30:00.000 GMT+0330,1285.105,1294.855,1284.485,1293.865,53835705.4293
04.01.2019 01:30:00.000 GMT+0330,1293.885,1298.538,1276.565,1284.945,48931258.7082
05.01.2019 01:30:00.000 GMT+0330,1284.945,1284.945,1284.945,1284.945,0
06.01.2019 01:30:00.000 GMT+0330,1284.945,1284.945,1284.945,1284.945,0
07.01.2019 01:30:00.000 GMT+0330,1285.048,1294.998,1282.555,1288.895,32577043.5931
08.01.2019 01:30:00.000 GMT+0330,1288.875,1290.158,1279.315,1284.845,32743860.051099997
09.01.2019 01:30:00.000 GMT+0330,1284.755,1293.848,1280.000,1293.145,30378110.289500006
10.01.2019 01:30:00.000 GMT+0330,1293.465,1297.018,1286.035,1286.285,33410740.3754
11.01.2019 01:30:00.000 GMT+0330,1286.565,1295.088,1286.535,1287.175,34892444.893699996
12.01.2019 01:30:00.000 GMT+0330,1287.175,1287.175,1287.175,1287.175,0
13.01.2019 01:30:00.000 GMT+0330,1287.175,1287.175,1287.175,1287.175,0
14.01.2019 01:30:00.000 GMT+0330,1287.348,1295.805,1287.248,1291.358,29276570.104
15.01.2019 01:30:00.000 GMT+0330,1291.825,1294.685,1286.665,1289.125,32217729.821600005
16.01.2019 01:30:00.000 GMT+0330,1289.685,1294.915,1287.805,1293.335,29019044.995199997
17.01.2019 01:30:00.000 GMT+0330,1293.915,1295.318,1288.875,1291.625,33515504.9713
18.01.2019 01:30:00.000 GMT+0330,1292.065,1292.375,1280.555,1281.265,28085764.929600004
19.01.2019 01:30:00.000 GMT+0330,1281.265,1281.265,1281.265,1281.265,0
20.01.2019 01:30:00.000 GMT+0330,1281.265,1281.265,1281.265,1281.265,0
21.01.2019 01:30:00.000 GMT+0330,1281.455,1283.465,1276.718,1280.138,11604284.867699997
22.01.2019 01:30:00.000 GMT+0330,1279.535,1285.425,1277.365,1284.825,28316684.8122
23.01.2019 01:30:00.000 GMT+0330,1284.905,1286.438,1278.605,1282.395,24244245.1418
24.01.2019 01:30:00.000 GMT+0330,1282.665,1284.725,1276.585,1280.855,29272630.2744
25.01.2019 01:30:00.000 GMT+0330,1280.725,1303.525,1280.000,1302.935,28895294.606799994
26.01.2019 01:30:00.000 GMT+0330,1302.935,1302.935,1302.935,1302.935,0
27.01.2019 01:30:00.000 GMT+0330,1302.935,1302.935,1302.935,1302.935,0
28.01.2019 01:30:00.000 GMT+0330,1301.335,1304.335,1297.615,1302.965,22150955.9601
29.01.2019 01:30:00.000 GMT+0330,1302.925,1311.948,1302.635,1311.345,29483615.100300003
30.01.2019 01:30:00.000 GMT+0330,1311.255,1323.298,1308.945,1319.035,28887274.682500005
31.01.2019 01:30:00.000 GMT+0330,1320.195,1326.248,1317.385,1320.915,29120645.105899997
01.02.2019 01:30:00.000 GMT+0330,1321.215,1323.465,1316.085,1317.265,24464634.9102
02.02.2019 01:30:00.000 GMT+0330,1317.265,1317.265,1317.265,1317.265,0
03.02.2019 01:30:00.000 GMT+0330,1317.265,1317.265,1317.265,1317.265,0
04.02.2019 01:30:00.000 GMT+0330,1317.925,1318.965,1308.535,1311.795,22806319.9075
05.02.2019 01:30:00.000 GMT+0330,1312.115,1316.825,1310.625,1314.715,23687858.089800004
06.02.2019 01:30:00.000 GMT+0330,1314.998,1315.765,1305.515,1306.165,25299369.991000004
07.02.2019 01:30:00.000 GMT+0330,1306.445,1311.878,1302.705,1309.745,26551112.041
08.02.2019 01:30:00.000 GMT+0330,1309.865,1315.568,1307.698,1313.945,25071609.973899994
09.02.2019 01:30:00.000 GMT+0330,1313.945,1313.945,1313.945,1313.945,0
10.02.2019 01:30:00.000 GMT+0330,1313.945,1313.945,1313.945,1313.945,0
11.02.2019 01:30:00.000 GMT+0330,1314.098,1314.815,1303.595,1307.745,23259030.312499996
12.02.2019 01:30:00.000 GMT+0330,1307.975,1314.668,1306.405,1310.475,17737995.043700002
13.02.2019 01:30:00.000 GMT+0330,1310.805,1318.078,1304.975,1305.915,23028079.956800003
14.02.2019 01:30:00.000 GMT+0330,1305.685,1314.308,1302.288,1312.075,30280491.978
15.02.2019 01:30:00.000 GMT+0330,1312.265,1322.555,1311.328,1321.035,23056900.083999995
16.02.2019 01:30:00.000 GMT+0330,1321.035,1321.035,1321.035,1321.035,0
17.02.2019 01:30:00.000 GMT+0330,1321.035,1321.035,1321.035,1321.035,0
18.02.2019 01:30:00.000 GMT+0330,1320.882,1327.545,1320.405,1326.375,10424799.978999998
19.02.2019 01:30:00.000 GMT+0330,1326.145,1341.778,1322.778,1340.565,25793445.065700002
20.02.2019 01:30:00.000 GMT+0330,1340.305,1346.655,1336.798,1338.065,27360935.002499998
21.02.2019 01:30:00.000 GMT+0330,1338.705,1341.425,1320.858,1323.345,53925295.084699996
22.02.2019 01:30:00.000 GMT+0330,1323.495,1333.038,1321.468,1327.885,35858300.1792
23.02.2019 01:30:00.000 GMT+0330,1327.885,1327.885,1327.885,1327.885,0
24.02.2019 01:30:00.000 GMT+0330,1327.885,1327.885,1327.885,1327.885,0
25.02.2019 01:30:00.000 GMT+0330,1328.835,1332.485,1325.115,1327.185,24829335.212899998
26.02.2019 01:30:00.000 GMT+0330,1326.975,1330.128,1323.445,1328.605,23411464.7359
27.02.2019 01:30:00.000 GMT+0330,1328.335,1329.808,1316.815,1319.465,33405525.296899997
28.02.2019 01:30:00.000 GMT+0330,1319.275,1327.228,1312.518,1312.835,27957705.132700004
01.03.2019 01:30:00.000 GMT+0330,1313.475,1315.138,1290.098,1293.055,41431089.8482
02.03.2019 01:30:00.000 GMT+0330,1293.055,1293.055,1293.055,1293.055,0
03.03.2019 01:30:00.000 GMT+0330,1293.055,1293.055,1293.055,1293.055,0
04.03.2019 01:30:00.000 GMT+0330,1292.705,1296.995,1282.758,1286.498,31136410.3854
05.03.2019 01:30:00.000 GMT+0330,1286.215,1289.535,1281.128,1287.525,39971010.10389999
06.03.2019 01:30:00.000 GMT+0330,1287.515,1290.885,1283.545,1285.145,33160999.775
07.03.2019 01:30:00.000 GMT+0330,1285.575,1288.975,1280.485,1285.125,38266014.8887
08.03.2019 01:30:00.000 GMT+0330,1285.935,1300.708,1285.128,1298.055,39427154.57079999
09.03.2019 01:30:00.000 GMT+0330,1298.055,1298.055,1298.055,1298.055,0
10.03.2019 01:30:00.000 GMT+0330,1298.055,1298.055,1298.055,1298.055,0
11.03.2019 00:30:00.000 GMT+0330,1297.765,1299.045,1290.395,1293.255,26779335.2308
12.03.2019 00:30:00.000 GMT+0330,1293.385,1302.148,1291.988,1300.722,33887115.0913
13.03.2019 00:30:00.000 GMT+0330,1301.215,1311.168,1300.505,1307.915,29252804.935
14.03.2019 00:30:00.000 GMT+0330,1308.735,1310.275,1292.775,1295.155,33688354.93920001
15.03.2019 00:30:00.000 GMT+0330,1295.845,1306.328,1293.928,1301.875,32007184.4908
16.03.2019 00:30:00.000 GMT+0330,1301.875,1301.875,1301.875,1301.875,0
17.03.2019 00:30:00.000 GMT+0330,1301.875,1301.875,1301.875,1301.875,0
18.03.2019 00:30:00.000 GMT+0330,1301.855,1306.668,1298.155,1303.355,22396298.1176
19.03.2019 00:30:00.000 GMT+0330,1303.498,1310.835,1302.288,1306.255,22032839.9315
20.03.2019 00:30:00.000 GMT+0330,1305.045,1316.938,1298.605,1311.895,38597265.18380001
21.03.2019 00:30:00.000 GMT+0330,1312.955,1320.305,1303.205,1309.145,34896218.1658
22.03.2019 01:30:00.000 GMT+0430,1309.115,1314.898,1306.778,1313.075,37982749.10440001
23.03.2019 01:30:00.000 GMT+0430,1313.075,1313.075,1313.075,1313.075,0
24.03.2019 01:30:00.000 GMT+0430,1313.075,1313.075,1313.075,1313.075,0
25.03.2019 01:30:00.000 GMT+0430,1313.105,1324.448,1310.958,1321.698,30726113.0213
26.03.2019 01:30:00.000 GMT+0430,1321.555,1323.165,1312.625,1315.477,36658030.3163
27.03.2019 01:30:00.000 GMT+0430,1315.505,1319.258,1308.065,1308.305,39789475.4115
28.03.2019 01:30:00.000 GMT+0430,1309.665,1312.245,1288.455,1289.855,36400468.2453
29.03.2019 01:30:00.000 GMT+0430,1289.955,1299.745,1286.668,1291.885,33522964.9246
30.03.2019 01:30:00.000 GMT+0430,1291.885,1291.885,1291.885,1291.885,0
31.03.2019 01:30:00.000 GMT+0430,1291.885,1291.885,1291.885,1291.885,0
01.04.2019 01:30:00.000 GMT+0430,1292.025,1296.955,1286.425,1287.365,27178664.997199997
02.04.2019 01:30:00.000 GMT+0430,1287.305,1292.528,1285.145,1292.282,23525399.9533
03.04.2019 01:30:00.000 GMT+0430,1292.145,1294.488,1288.335,1289.525,26938982.0322
04.04.2019 01:30:00.000 GMT+0430,1289.895,1294.338,1280.848,1291.995,19564475.1641
05.04.2019 01:30:00.000 GMT+0430,1292.145,1293.508,1284.325,1291.185,33904950.12709999
06.04.2019 01:30:00.000 GMT+0430,1291.185,1291.185,1291.185,1291.185,0
07.04.2019 01:30:00.000 GMT+0430,1291.185,1291.185,1291.185,1291.185,0
08.04.2019 01:30:00.000 GMT+0430,1291.305,1303.648,1291.205,1297.300,18813299.8198
09.04.2019 01:30:00.000 GMT+0430,1297.365,1306.138,1296.535,1303.695,27121832.9817
10.04.2019 01:30:00.000 GMT+0430,1303.765,1310.518,1300.858,1307.665,32145578.235300004
11.04.2019 01:30:00.000 GMT+0430,1307.885,1309.108,1289.548,1292.468,29640480.190899994
12.04.2019 01:30:00.000 GMT+0430,1292.175,1295.708,1290.000,1290.177,26399505.153100003
13.04.2019 01:30:00.000 GMT+0430,1290.177,1290.177,1290.177,1290.177,0
14.04.2019 01:30:00.000 GMT+0430,1290.177,1290.177,1290.177,1290.177,0
15.04.2019 01:30:00.000 GMT+0430,1291.075,1291.858,1282.448,1287.165,24685187.727099996
16.04.2019 01:30:00.000 GMT+0430,1287.525,1288.678,1272.905,1276.535,33718260.4967
17.04.2019 01:30:00.000 GMT+0430,1276.455,1279.688,1272.898,1273.745,31803780.257700004
18.04.2019 01:30:00.000 GMT+0430,1273.575,1277.628,1271.105,1275.475,34481913.2239
19.04.2019 01:30:00.000 GMT+0430,1275.475,1275.475,1275.475,1275.475,0
20.04.2019 01:30:00.000 GMT+0430,1275.475,1275.475,1275.475,1275.475,0
21.04.2019 01:30:00.000 GMT+0430,1275.475,1275.475,1275.475,1275.475,0
22.04.2019 01:30:00.000 GMT+0430,1275.598,1279.765,1273.725,1274.625,18904584.9739
23.04.2019 01:30:00.000 GMT+0430,1275.045,1276.428,1266.198,1272.022,25116809.636499997
24.04.2019 01:30:00.000 GMT+0430,1272.025,1278.468,1268.698,1274.735,29950235.1285
25.04.2019 01:30:00.000 GMT+0430,1275.735,1282.528,1273.308,1276.965,31467339.8882
26.04.2019 01:30:00.000 GMT+0430,1276.885,1288.608,1273.725,1285.695,32655841.194100004
27.04.2019 01:30:00.000 GMT+0430,1285.695,1285.695,1285.695,1285.695,0
28.04.2019 01:30:00.000 GMT+0430,1285.695,1285.695,1285.695,1285.695,0
29.04.2019 01:30:00.000 GMT+0430,1286.275,1286.618,1277.988,1279.465,26019491.940899998
30.04.2019 01:30:00.000 GMT+0430,1279.695,1286.118,1279.465,1282.415,30680829.823
01.05.2019 01:30:00.000 GMT+0430,1283.055,1287.188,1273.000,1276.588,31323200.136400003
02.05.2019 01:30:00.000 GMT+0430,1276.648,1277.945,1266.195,1269.999,33375768.3932
03.05.2019 01:30:00.000 GMT+0430,1270.525,1282.468,1268.268,1278.775,35057005.62900001
04.05.2019 01:30:00.000 GMT+0430,1278.775,1278.775,1278.775,1278.775,0
05.05.2019 01:30:00.000 GMT+0430,1278.775,1278.775,1278.775,1278.775,0
06.05.2019 01:30:00.000 GMT+0430,1280.305,1285.728,1276.935,1280.278,43769888.78829999
07.05.2019 01:30:00.000 GMT+0430,1281.035,1286.015,1278.155,1282.997,40327304.914799996
08.05.2019 01:30:00.000 GMT+0430,1283.915,1291.415,1279.275,1280.605,33163275.063099995
09.05.2019 01:30:00.000 GMT+0430,1280.105,1288.138,1279.528,1282.825,53998574.7336
10.05.2019 01:30:00.000 GMT+0430,1283.915,1289.338,1283.068,1285.505,49899679.765099995
11.05.2019 01:30:00.000 GMT+0430,1285.505,1285.505,1285.505,1285.505,0
12.05.2019 01:30:00.000 GMT+0430,1285.505,1285.505,1285.505,1285.505,0
13.05.2019 01:30:00.000 GMT+0430,1287.485,1301.165,1281.935,1299.515,46244043.618599996
14.05.2019 01:30:00.000 GMT+0430,1300.005,1303.245,1293.665,1296.868,32269629.776600003
15.05.2019 01:30:00.000 GMT+0430,1296.695,1300.848,1292.948,1295.915,53835310.50370001
16.05.2019 01:30:00.000 GMT+0430,1296.545,1298.688,1284.035,1285.905,26526330.128599998
17.05.2019 01:30:00.000 GMT+0430,1286.665,1288.868,1274.748,1277.485,30065115.2132
18.05.2019 01:30:00.000 GMT+0430,1277.485,1277.485,1277.485,1277.485,0
19.05.2019 01:30:00.000 GMT+0430,1277.485,1277.485,1277.485,1277.485,0
20.05.2019 01:30:00.000 GMT+0430,1277.535,1278.948,1273.608,1277.087,24681059.941400003
21.05.2019 01:30:00.000 GMT+0430,1277.355,1277.848,1269.455,1274.525,24236199.572599996
22.05.2019 01:30:00.000 GMT+0430,1274.615,1277.268,1272.415,1273.218,22816075.161099996
23.05.2019 01:30:00.000 GMT+0430,1273.235,1287.218,1272.755,1283.298,38854498.6694
24.05.2019 01:30:00.000 GMT+0430,1283.365,1285.168,1280.695,1284.615,34373469.1145
25.05.2019 01:30:00.000 GMT+0430,1284.615,1284.615,1284.615,1284.615,0
26.05.2019 01:30:00.000 GMT+0430,1284.615,1284.615,1284.615,1284.615,0
27.05.2019 01:30:00.000 GMT+0430,1284.655,1287.318,1283.705,1284.945,17734489.947499998
28.05.2019 01:30:00.000 GMT+0430,1284.925,1286.548,1276.055,1278.345,41240179.836699985
29.05.2019 01:30:00.000 GMT+0430,1279.305,1285.465,1279.015,1279.835,44840370.1632
30.05.2019 01:30:00.000 GMT+0430,1279.825,1289.158,1274.948,1288.095,29361160.069499996
31.05.2019 01:30:00.000 GMT+0430,1288.045,1306.878,1287.878,1305.295,53782440.15560001
01.06.2019 01:30:00.000 GMT+0430,1305.295,1305.295,1305.295,1305.295,0
02.06.2019 01:30:00.000 GMT+0430,1305.295,1305.295,1305.295,1305.295,0
03.06.2019 01:30:00.000 GMT+0430,1306.918,1327.898,1305.835,1323.305,49095614.701500006
04.06.2019 01:30:00.000 GMT+0430,1324.955,1329.005,1319.905,1324.857,48451692.2237
05.06.2019 01:30:00.000 GMT+0430,1325.088,1344.048,1324.448,1329.862,61609379.082700014
06.06.2019 01:30:00.000 GMT+0430,1331.018,1339.748,1327.158,1334.587,52551689.1182
07.06.2019 01:30:00.000 GMT+0430,1335.345,1348.198,1330.205,1340.388,49374435.305800006
08.06.2019 01:30:00.000 GMT+0430,1340.388,1340.388,1340.388,1340.388,0
09.06.2019 01:30:00.000 GMT+0430,1340.388,1340.388,1340.388,1340.388,0
10.06.2019 01:30:00.000 GMT+0430,1336.848,1337.658,1325.028,1327.748,39336560.60699999
11.06.2019 01:30:00.000 GMT+0430,1327.408,1329.808,1319.815,1326.468,36938199.758600004
12.06.2019 01:30:00.000 GMT+0430,1326.525,1338.348,1325.938,1333.218,38710740.007699996
13.06.2019 01:30:00.000 GMT+0430,1333.895,1343.058,1332.325,1341.342,37810029.65569999
14.06.2019 01:30:00.000 GMT+0430,1342.078,1358.088,1337.738,1340.888,59523921.8773
15.06.2019 01:30:00.000 GMT+0430,1340.888,1340.888,1340.888,1340.888,0
16.06.2019 01:30:00.000 GMT+0430,1340.888,1340.888,1340.888,1340.888,0
17.06.2019 01:30:00.000 GMT+0430,1341.785,1343.505,1332.915,1339.358,37082279.741500005
18.06.2019 01:30:00.000 GMT+0430,1339.685,1354.605,1338.545,1346.328,55224620.1782
19.06.2019 01:30:00.000 GMT+0430,1346.265,1362.528,1341.195,1359.527,58128830.16489999
20.06.2019 01:30:00.000 GMT+0430,1360.315,1393.928,1357.638,1387.767,80166345.95400001
21.06.2019 01:30:00.000 GMT+0430,1387.195,1411.805,1382.500,1399.158,79118505.17999998
22.06.2019 01:30:00.000 GMT+0430,1399.158,1399.158,1399.158,1399.158,0
23.06.2019 01:30:00.000 GMT+0430,1399.158,1399.158,1399.158,1399.158,0
24.06.2019 01:30:00.000 GMT+0430,1400.075,1421.278,1399.648,1419.438,59575930.17840001
25.06.2019 01:30:00.000 GMT+0430,1419.368,1439.138,1411.808,1422.755,75015980.83979999
26.06.2019 01:30:00.000 GMT+0430,1423.815,1424.385,1401.865,1408.022,61514219.8205
27.06.2019 01:30:00.000 GMT+0430,1409.475,1412.048,1398.548,1409.298,57017344.89209999
28.06.2019 01:30:00.000 GMT+0430,1409.768,1424.568,1405.618,1409.485,48742958.0986
29.06.2019 01:30:00.000 GMT+0430,1409.485,1409.485,1409.485,1409.485,0
30.06.2019 01:30:00.000 GMT+0430,1409.485,1409.485,1409.485,1409.485,0
01.07.2019 01:30:00.000 GMT+0430,1397.165,1397.698,1381.715,1384.168,56817978.709800005
02.07.2019 01:30:00.000 GMT+0430,1383.915,1420.958,1383.255,1417.797,62894569.158599995
03.07.2019 01:30:00.000 GMT+0430,1418.395,1437.688,1411.975,1418.265,59184770.64360002
04.07.2019 01:30:00.000 GMT+0430,1419.245,1421.595,1410.128,1414.735,24786319.7215
05.07.2019 01:30:00.000 GMT+0430,1416.095,1424.128,1386.518,1398.525,60009109.88450001
06.07.2019 01:30:00.000 GMT+0430,1398.525,1398.525,1398.525,1398.525,0
07.07.2019 01:30:00.000 GMT+0430,1398.525,1398.525,1398.525,1398.525,0
08.07.2019 01:30:00.000 GMT+0430,1398.975,1407.508,1391.645,1394.978,36863236.0697
09.07.2019 01:30:00.000 GMT+0430,1394.985,1400.025,1385.658,1397.192,35526620.2987
10.07.2019 01:30:00.000 GMT+0430,1396.915,1418.598,1389.838,1418.252,51289752.00659999
11.07.2019 01:30:00.000 GMT+0430,1418.215,1427.078,1400.738,1403.608,51121360.65949999
12.07.2019 01:30:00.000 GMT+0430,1403.785,1416.818,1403.048,1415.145,49207185.119399995
13.07.2019 01:30:00.000 GMT+0430,1415.145,1415.145,1415.145,1415.145,0
14.07.2019 01:30:00.000 GMT+0430,1415.145,1415.145,1415.145,1415.145,0
15.07.2019 01:30:00.000 GMT+0430,1415.408,1419.698,1407.655,1412.957,31278314.65
16.07.2019 01:30:00.000 GMT+0430,1414.485,1418.158,1400.758,1405.618,40588411.778400004
17.07.2019 01:30:00.000 GMT+0430,1406.545,1426.738,1400.018,1425.858,48974500.0602
18.07.2019 01:30:00.000 GMT+0430,1428.915,1448.015,1414.578,1445.868,64807409.6441
19.07.2019 01:30:00.000 GMT+0430,1446.955,1452.888,1420.098,1425.168,60008660.972100005
20.07.2019 01:30:00.000 GMT+0430,1425.168,1425.168,1425.168,1425.168,0
21.07.2019 01:30:00.000 GMT+0430,1425.168,1425.168,1425.168,1425.168,0
22.07.2019 01:30:00.000 GMT+0430,1427.598,1429.955,1422.148,1424.378,35572530.0759
23.07.2019 01:30:00.000 GMT+0430,1425.238,1430.085,1414.138,1417.178,36934537.6193
24.07.2019 01:30:00.000 GMT+0430,1417.488,1429.445,1416.228,1424.185,28947617.769400008
25.07.2019 01:30:00.000 GMT+0430,1425.525,1433.698,1410.968,1413.998,41128593.3257
26.07.2019 01:30:00.000 GMT+0430,1414.065,1424.768,1413.228,1417.948,37891565.2331
27.07.2019 01:30:00.000 GMT+0430,1417.948,1417.948,1417.948,1417.948,0
28.07.2019 01:30:00.000 GMT+0430,1417.948,1417.948,1417.948,1417.948,0
29.07.2019 01:30:00.000 GMT+0430,1418.775,1428.078,1414.718,1426.498,28514086.961700004
30.07.2019 01:30:00.000 GMT+0430,1426.485,1433.165,1422.258,1430.488,30133380.0851
31.07.2019 01:30:00.000 GMT+0430,1431.008,1434.258,1410.385,1412.578,35123042.017
01.08.2019 01:30:00.000 GMT+0430,1412.815,1445.948,1400.418,1444.528,51106374.7407
02.08.2019 01:30:00.000 GMT+0430,1444.795,1449.025,1430.225,1440.568,70816199.6305
03.08.2019 01:30:00.000 GMT+0430,1440.568,1440.568,1440.568,1440.568,0
04.08.2019 01:30:00.000 GMT+0430,1440.568,1440.568,1440.568,1440.568,0
05.08.2019 01:30:00.000 GMT+0430,1439.898,1469.688,1436.648,1463.698,75231529.6529
06.08.2019 01:30:00.000 GMT+0430,1468.188,1474.815,1456.315,1473.775,62539050.99630001
07.08.2019 01:30:00.000 GMT+0430,1474.185,1510.278,1472.208,1501.188,72381871.2235
08.08.2019 01:30:00.000 GMT+0430,1500.275,1509.475,1489.948,1500.778,49315909.8922
09.08.2019 01:30:00.000 GMT+0430,1504.578,1508.948,1494.698,1496.948,44702134.19219999
10.08.2019 01:30:00.000 GMT+0430,1496.948,1496.948,1496.948,1496.948,0
11.08.2019 01:30:00.000 GMT+0430,1496.948,1496.948,1496.948,1496.948,0
12.08.2019 01:30:00.000 GMT+0430,1497.515,1520.008,1487.258,1510.528,37137676.5073
13.08.2019 01:30:00.000 GMT+0430,1510.775,1534.948,1479.715,1500.928,51352798.938800015
14.08.2019 01:30:00.000 GMT+0430,1501.835,1523.968,1494.085,1516.068,65139205.24719999
15.08.2019 01:30:00.000 GMT+0430,1516.435,1526.948,1507.848,1522.840,55766464.1738
16.08.2019 01:30:00.000 GMT+0430,1523.385,1527.945,1503.635,1512.395,40161436.76640001
17.08.2019 01:30:00.000 GMT+0430,1512.395,1512.395,1512.395,1512.395,0
18.08.2019 01:30:00.000 GMT+0430,1512.395,1512.395,1512.395,1512.395,0
19.08.2019 01:30:00.000 GMT+0430,1512.398,1512.928,1493.175,1495.498,35772285.074
20.08.2019 01:30:00.000 GMT+0430,1495.838,1508.508,1492.848,1506.898,36319304.8537
21.08.2019 01:30:00.000 GMT+0430,1507.548,1508.028,1496.445,1502.298,37058135.122200005
22.08.2019 01:30:00.000 GMT+0430,1502.288,1504.518,1492.425,1497.898,36609504.997499995
23.08.2019 01:30:00.000 GMT+0430,1498.268,1530.188,1493.475,1526.598,59297197.40180001
24.08.2019 01:30:00.000 GMT+0430,1526.598,1526.598,1526.598,1526.598,0
25.08.2019 01:30:00.000 GMT+0430,1526.598,1526.598,1526.598,1526.598,0
26.08.2019 01:30:00.000 GMT+0430,1535.278,1555.048,1524.955,1527.198,75850872.934
27.08.2019 01:30:00.000 GMT+0430,1527.095,1544.608,1525.538,1542.278,49564885.28850001
28.08.2019 01:30:00.000 GMT+0430,1541.988,1546.805,1531.848,1538.798,58571564.912599996
29.08.2019 01:30:00.000 GMT+0430,1539.208,1550.315,1519.608,1527.065,66471300.57219999
30.08.2019 01:30:00.000 GMT+0430,1527.708,1533.055,1517.000,1519.998,66487479.0309
31.08.2019 01:30:00.000 GMT+0430,1519.998,1519.998,1519.998,1519.998,0
01.09.2019 01:30:00.000 GMT+0430,1519.998,1519.998,1519.998,1519.998,0
02.09.2019 01:30:00.000 GMT+0430,1528.325,1533.948,1519.305,1528.698,26426281.937399995
03.09.2019 01:30:00.000 GMT+0430,1529.515,1549.655,1521.455,1546.698,61444279.49210001
04.09.2019 01:30:00.000 GMT+0430,1546.845,1556.958,1533.825,1551.798,73071293.0558
05.09.2019 01:30:00.000 GMT+0430,1551.918,1552.918,1506.115,1518.698,67445564.9851
06.09.2019 01:30:00.000 GMT+0430,1517.218,1527.798,1502.488,1506.398,84783228.27810001
07.09.2019 01:30:00.000 GMT+0430,1506.398,1506.398,1506.398,1506.398,0
08.09.2019 01:30:00.000 GMT+0430,1506.398,1506.398,1506.398,1506.398,0
09.09.2019 01:30:00.000 GMT+0430,1507.968,1515.415,1497.548,1498.498,54514586.8955
10.09.2019 01:30:00.000 GMT+0430,1498.688,1500.948,1484.418,1485.398,52091670.2149
11.09.2019 01:30:00.000 GMT+0430,1485.618,1498.188,1484.998,1496.798,51078789.9792
12.09.2019 01:30:00.000 GMT+0430,1496.548,1524.118,1489.208,1498.708,59959127.485800005
13.09.2019 01:30:00.000 GMT+0430,1498.708,1508.938,1485.735,1488.500,56598804.473799996
14.09.2019 01:30:00.000 GMT+0430,1488.500,1488.500,1488.500,1488.500,0
15.09.2019 01:30:00.000 GMT+0430,1488.500,1488.500,1488.500,1488.500,0
16.09.2019 01:30:00.000 GMT+0430,1506.838,1512.065,1495.815,1497.898,69795100.45050001
17.09.2019 01:30:00.000 GMT+0430,1498.618,1507.008,1493.408,1500.898,50385843.932799995
18.09.2019 01:30:00.000 GMT+0430,1501.085,1511.558,1483.155,1493.642,44802314.1921
19.09.2019 01:30:00.000 GMT+0430,1494.088,1504.468,1488.908,1498.428,52999530.851900004
20.09.2019 01:30:00.000 GMT+0430,1499.218,1516.978,1497.878,1516.598,46017531.24609999
21.09.2019 01:30:00.000 GMT+0430,1516.598,1516.598,1516.598,1516.598,0
22.09.2019 00:30:00.000 GMT+0330,1516.598,1516.598,1516.598,1516.598,0
23.09.2019 00:30:00.000 GMT+0330,1513.988,1526.748,1510.968,1521.798,52685543.0009
24.09.2019 00:30:00.000 GMT+0330,1522.078,1535.638,1515.525,1531.798,63273222.1782
25.09.2019 00:30:00.000 GMT+0330,1531.298,1535.048,1500.375,1503.398,61493002.474199995
26.09.2019 00:30:00.000 GMT+0330,1503.928,1512.235,1500.108,1504.198,55144187.331300005
27.09.2019 00:30:00.000 GMT+0330,1504.195,1507.308,1486.768,1496.498,62098397.314600006
28.09.2019 00:30:00.000 GMT+0330,1496.498,1496.498,1496.498,1496.498,0
29.09.2019 00:30:00.000 GMT+0330,1496.498,1496.498,1496.498,1496.498,0
30.09.2019 00:30:00.000 GMT+0330,1494.568,1500.465,1464.445,1471.998,56749744.95200001
01.10.2019 00:30:00.000 GMT+0330,1472.048,1487.138,1459.008,1478.222,64414064.5861
02.10.2019 00:30:00.000 GMT+0330,1478.638,1505.048,1474.455,1499.398,63678267.896400005
03.10.2019 00:30:00.000 GMT+0330,1499.488,1519.488,1495.725,1504.698,61625827.342499994
04.10.2019 00:30:00.000 GMT+0330,1505.348,1515.658,1495.927,1504.298,80346802.4136
05.10.2019 00:30:00.000 GMT+0330,1504.298,1504.298,1504.298,1504.298,0
06.10.2019 00:30:00.000 GMT+0330,1504.298,1504.298,1504.298,1504.298,0
07.10.2019 00:30:00.000 GMT+0330,1511.868,1512.215,1487.958,1492.988,59422713.1008
08.10.2019 00:30:00.000 GMT+0330,1492.998,1509.618,1486.845,1505.048,94336690.992
09.10.2019 00:30:00.000 GMT+0330,1505.598,1512.438,1499.768,1505.198,64309053.5702
10.10.2019 00:30:00.000 GMT+0330,1505.248,1516.948,1491.015,1493.598,83255330.92049998
11.10.2019 00:30:00.000 GMT+0330,1493.728,1503.115,1473.925,1488.598,73463920.5933
12.10.2019 00:30:00.000 GMT+0330,1488.598,1488.598,1488.598,1488.598,0
13.10.2019 00:30:00.000 GMT+0330,1488.598,1488.598,1488.598,1488.598,0
14.10.2019 00:30:00.000 GMT+0330,1488.128,1497.068,1482.728,1492.798,56196414.79840001
15.10.2019 00:30:00.000 GMT+0330,1493.008,1498.388,1477.098,1480.598,60053284.823999986
16.10.2019 00:30:00.000 GMT+0330,1480.858,1491.478,1476.995,1489.678,82979230.52309999
17.10.2019 00:30:00.000 GMT+0330,1490.198,1497.308,1483.385,1491.398,73464364.73730001
18.10.2019 00:30:00.000 GMT+0330,1491.718,1494.008,1484.825,1489.598,56800837.57649999
19.10.2019 00:30:00.000 GMT+0330,1489.598,1489.598,1489.598,1489.598,0
20.10.2019 00:30:00.000 GMT+0330,1489.598,1489.598,1489.598,1489.598,0
21.10.2019 00:30:00.000 GMT+0330,1491.338,1495.208,1481.405,1484.098,40983364.0008
22.10.2019 00:30:00.000 GMT+0330,1484.198,1488.908,1480.768,1487.198,49161564.200899996
23.10.2019 00:30:00.000 GMT+0330,1487.488,1496.268,1487.488,1491.798,51688735.007999994
24.10.2019 00:30:00.000 GMT+0330,1492.145,1503.948,1487.915,1503.498,56927456.02120001
25.10.2019 00:30:00.000 GMT+0330,1503.328,1517.948,1500.558,1504.198,55145689.904800005
26.10.2019 00:30:00.000 GMT+0330,1504.198,1504.198,1504.198,1504.198,0
27.10.2019 00:30:00.000 GMT+0330,1504.198,1504.198,1504.198,1504.198,0
28.10.2019 00:30:00.000 GMT+0330,1504.508,1508.155,1489.948,1492.098,49336549.63949999
29.10.2019 00:30:00.000 GMT+0330,1491.968,1494.715,1483.398,1487.198,42760090.3811
30.10.2019 00:30:00.000 GMT+0330,1488.015,1496.598,1481.048,1495.198,54483946.621300004
31.10.2019 00:30:00.000 GMT+0330,1495.578,1514.148,1493.628,1512.498,60163249.5821
01.11.2019 00:30:00.000 GMT+0330,1512.548,1515.938,1503.218,1513.998,52261794.47760001
02.11.2019 00:30:00.000 GMT+0330,1513.998,1513.998,1513.998,1513.998,0
03.11.2019 00:30:00.000 GMT+0330,1513.998,1513.998,1513.998,1513.998,0
04.11.2019 01:30:00.000 GMT+0330,1513.908,1514.758,1504.395,1509.345,42876285.9105
05.11.2019 01:30:00.000 GMT+0330,1509.578,1509.585,1479.275,1483.275,54385981.8576
06.11.2019 01:30:00.000 GMT+0330,1482.948,1494.118,1482.278,1490.155,45329799.6221
07.11.2019 01:30:00.000 GMT+0330,1490.000,1492.148,1460.498,1467.935,68050630.5697
08.11.2019 01:30:00.000 GMT+0330,1467.788,1472.868,1456.118,1458.485,54618757.7246
09.11.2019 01:30:00.000 GMT+0330,1458.485,1458.485,1458.485,1458.485,0
10.11.2019 01:30:00.000 GMT+0330,1458.485,1458.485,1458.485,1458.485,0
11.11.2019 01:30:00.000 GMT+0330,1459.278,1466.375,1448.155,1455.335,38157086.9537
12.11.2019 01:30:00.000 GMT+0330,1455.118,1460.335,1445.545,1455.965,63667454.958
13.11.2019 01:30:00.000 GMT+0330,1456.188,1466.995,1455.598,1463.025,60060506.731300004
14.11.2019 01:30:00.000 GMT+0330,1463.278,1474.535,1461.038,1470.605,57190656.244799994
15.11.2019 01:30:00.000 GMT+0330,1471.098,1471.248,1462.355,1467.885,40995986.9982
16.11.2019 01:30:00.000 GMT+0330,1467.885,1467.885,1467.885,1467.885,0
17.11.2019 01:30:00.000 GMT+0330,1467.885,1467.885,1467.885,1467.885,0
18.11.2019 01:30:00.000 GMT+0330,1467.158,1473.935,1456.285,1470.985,44620869.1298
19.11.2019 01:30:00.000 GMT+0330,1471.148,1475.328,1464.898,1471.625,47914368.7339
20.11.2019 01:30:00.000 GMT+0330,1472.238,1478.728,1465.838,1471.115,57517982.93000001
21.11.2019 01:30:00.000 GMT+0330,1474.818,1475.575,1462.275,1463.535,50821519.9112
22.11.2019 01:30:00.000 GMT+0330,1464.038,1473.188,1461.295,1461.785,43467527.5385
23.11.2019 01:30:00.000 GMT+0330,1461.785,1461.785,1461.785,1461.785,0
24.11.2019 01:30:00.000 GMT+0330,1461.785,1461.785,1461.785,1461.785,0
25.11.2019 01:30:00.000 GMT+0330,1460.218,1462.085,1453.995,1454.865,36498949.3491
26.11.2019 01:30:00.000 GMT+0330,1454.638,1462.848,1450.000,1460.945,42813990.4737
27.11.2019 01:30:00.000 GMT+0330,1461.098,1461.765,1452.535,1454.025,33273694.7833
28.11.2019 01:30:00.000 GMT+0330,1454.458,1458.208,1454.195,1455.388,19037558.0626
29.11.2019 01:30:00.000 GMT+0330,1455.588,1466.528,1453.115,1463.448,31813469.0164
30.11.2019 01:30:00.000 GMT+0330,1463.448,1463.448,1463.448,1463.448,0
01.12.2019 01:30:00.000 GMT+0330,1463.448,1463.448,1463.448,1463.448,0
02.12.2019 01:30:00.000 GMT+0330,1464.048,1465.268,1453.885,1462.055,52192346.215299994
03.12.2019 01:30:00.000 GMT+0330,1462.198,1481.718,1459.768,1477.115,59678164.184000015
04.12.2019 01:30:00.000 GMT+0330,1476.928,1483.988,1471.365,1474.285,56634440.42230001
05.12.2019 01:30:00.000 GMT+0330,1474.488,1480.308,1472.855,1475.685,48455754.9059
06.12.2019 01:30:00.000 GMT+0330,1475.578,1479.788,1458.635,1459.785,38879029.4676
07.12.2019 01:30:00.000 GMT+0330,1459.785,1459.785,1459.785,1459.785,0
08.12.2019 01:30:00.000 GMT+0330,1459.785,1459.785,1459.785,1459.785,0
09.12.2019 01:30:00.000 GMT+0330,1459.418,1465.318,1458.548,1461.245,29649164.915000007
10.12.2019 01:30:00.000 GMT+0330,1461.348,1469.128,1459.965,1463.745,42515849.3072
11.12.2019 01:30:00.000 GMT+0330,1463.838,1478.848,1462.598,1474.365,51815921.0086
12.12.2019 01:30:00.000 GMT+0330,1474.618,1486.708,1463.778,1469.455,58524574.2203
13.12.2019 01:30:00.000 GMT+0330,1467.728,1477.968,1461.648,1475.455,80430622.69690001
14.12.2019 01:30:00.000 GMT+0330,1475.455,1475.455,1475.455,1475.455,0
15.12.2019 01:30:00.000 GMT+0330,1475.455,1475.455,1475.455,1475.455,0
16.12.2019 01:30:00.000 GMT+0330,1475.098,1479.848,1473.108,1475.815,35448545.8734
17.12.2019 01:30:00.000 GMT+0330,1475.798,1480.488,1474.135,1475.765,32564395.0106
18.12.2019 01:30:00.000 GMT+0330,1475.698,1479.248,1470.405,1474.305,34982809.096599996
19.12.2019 01:30:00.000 GMT+0330,1475.128,1481.668,1473.205,1478.425,34632779.65760001
20.12.2019 01:30:00.000 GMT+0330,1478.678,1480.908,1475.768,1477.785,25415531.665000003
21.12.2019 01:30:00.000 GMT+0330,1477.785,1477.785,1477.785,1477.785,0
22.12.2019 01:30:00.000 GMT+0330,1477.785,1477.785,1477.785,1477.785,0
23.12.2019 01:30:00.000 GMT+0330,1478.128,1486.058,1477.425,1485.285,29251686.081299998
24.12.2019 01:30:00.000 GMT+0330,1485.178,1500.465,1484.298,1498.445,30811169.817899995
25.12.2019 01:30:00.000 GMT+0330,1498.445,1498.445,1498.445,1498.445,0
26.12.2019 01:30:00.000 GMT+0330,1499.358,1512.548,1497.215,1511.005,37675439.9539
27.12.2019 01:30:00.000 GMT+0330,1511.158,1515.268,1507.288,1510.775,44186440.319000006
28.12.2019 01:30:00.000 GMT+0330,1510.775,1510.775,1510.775,1510.775,0
29.12.2019 01:30:00.000 GMT+0330,1510.775,1510.775,1510.775,1510.775,0
30.12.2019 01:30:00.000 GMT+0330,1511.458,1516.048,1510.715,1514.805,37269055.0088
31.12.2019 01:30:00.000 GMT+0330,1514.568,1525.235,1514.478,1516.915,46909550.27950001
01.01.2020 01:30:00.000 GMT+0330,1516.915,1516.915,1516.915,1516.915,0
02.01.2020 01:30:00.000 GMT+0330,1518.768,1531.328,1517.115,1528.825,44513975.05419999
03.01.2020 01:30:00.000 GMT+0330,1528.568,1553.515,1527.848,1551.515,73185641.13990001
04.01.2020 01:30:00.000 GMT+0330,1551.515,1551.515,1551.515,1551.515,0
05.01.2020 01:30:00.000 GMT+0330,1551.515,1551.515,1551.515,1551.515,0
06.01.2020 01:30:00.000 GMT+0330,1559.735,1585.625,1559.735,1565.445,73680047.60140002
07.01.2020 01:30:00.000 GMT+0330,1565.108,1577.248,1555.248,1573.945,70302111.98330002
08.01.2020 01:30:00.000 GMT+0330,1575.238,1611.325,1552.178,1556.095,110247689.30669999
09.01.2020 01:30:00.000 GMT+0330,1556.528,1561.285,1540.105,1551.685,56332384.646000005
10.01.2020 01:30:00.000 GMT+0330,1552.198,1563.008,1545.665,1561.785,50718146.97970001
11.01.2020 01:30:00.000 GMT+0330,1561.785,1561.785,1561.785,1561.785,0
12.01.2020 01:30:00.000 GMT+0330,1561.785,1561.785,1561.785,1561.785,0
13.01.2020 01:30:00.000 GMT+0330,1561.318,1561.318,1546.408,1547.475,45008661.270100005
14.01.2020 01:30:00.000 GMT+0330,1547.848,1548.745,1535.828,1545.665,65154918.01490001
15.01.2020 01:30:00.000 GMT+0330,1546.258,1558.148,1545.818,1555.775,66801912.546399996
16.01.2020 01:30:00.000 GMT+0330,1556.298,1558.035,1547.975,1551.965,46001065.016
17.01.2020 01:30:00.000 GMT+0330,1552.398,1561.155,1549.295,1556.945,40158334.4041
18.01.2020 01:30:00.000 GMT+0330,1556.945,1556.945,1556.945,1556.945,0
19.01.2020 01:30:00.000 GMT+0330,1556.945,1556.945,1556.945,1556.945,0
20.01.2020 01:30:00.000 GMT+0330,1557.128,1562.705,1556.268,1560.478,17483259.946
21.01.2020 01:30:00.000 GMT+0330,1560.708,1568.508,1546.238,1557.855,64625320.13640001
22.01.2020 01:30:00.000 GMT+0330,1558.638,1559.168,1550.300,1558.475,47668253.57109999
23.01.2020 01:30:00.000 GMT+0330,1558.498,1567.848,1551.798,1562.455,58244927.04890001
24.01.2020 01:30:00.000 GMT+0330,1562.328,1575.785,1556.455,1571.455,65777164.220699996
25.01.2020 01:30:00.000 GMT+0330,1571.455,1571.455,1571.455,1571.455,0
26.01.2020 01:30:00.000 GMT+0330,1571.455,1571.455,1571.455,1571.455,0
27.01.2020 01:30:00.000 GMT+0330,1579.248,1588.345,1575.798,1581.705,75958119.98869997
28.01.2020 01:30:00.000 GMT+0330,1581.348,1582.965,1565.388,1566.835,57893689.334499985
29.01.2020 01:30:00.000 GMT+0330,1566.758,1577.948,1563.335,1576.295,62125699.519999996
30.01.2020 01:30:00.000 GMT+0330,1576.598,1585.888,1572.155,1573.945,75799372.97099999
31.01.2020 01:30:00.000 GMT+0330,1573.778,1590.528,1570.905,1589.325,85879357.33810002
01.02.2020 01:30:00.000 GMT+0330,1589.325,1589.325,1589.325,1589.325,0
02.02.2020 01:30:00.000 GMT+0330,1589.325,1589.325,1589.325,1589.325,0
03.02.2020 01:30:00.000 GMT+0330,1593.388,1593.488,1569.188,1576.365,52739226.8179
04.02.2020 01:30:00.000 GMT+0330,1577.098,1579.545,1548.965,1552.505,50916582.16730001
05.02.2020 01:30:00.000 GMT+0330,1552.508,1562.368,1547.425,1555.685,48471865.20699999
06.02.2020 01:30:00.000 GMT+0330,1555.688,1568.178,1552.385,1566.335,44079300.1057
07.02.2020 01:30:00.000 GMT+0330,1566.618,1574.008,1559.875,1570.198,86675344.85469998
08.02.2020 01:30:00.000 GMT+0330,1570.198,1570.198,1570.198,1570.198,0
09.02.2020 01:30:00.000 GMT+0330,1570.198,1570.198,1570.198,1570.198,0
10.02.2020 01:30:00.000 GMT+0330,1571.248,1576.928,1567.905,1571.755,49905996.054500006
11.02.2020 01:30:00.000 GMT+0330,1571.688,1573.978,1561.925,1567.565,54826250.0912
12.02.2020 01:30:00.000 GMT+0330,1567.578,1570.398,1561.728,1565.715,47666134.774500005
13.02.2020 01:30:00.000 GMT+0330,1565.965,1578.248,1565.495,1575.625,62632329.70249999
14.02.2020 01:30:00.000 GMT+0330,1575.838,1584.948,1572.975,1583.648,44725049.942600004
15.02.2020 01:30:00.000 GMT+0330,1583.648,1583.648,1583.648,1583.648,0
16.02.2020 01:30:00.000 GMT+0330,1583.648,1583.648,1583.648,1583.648,0
17.02.2020 01:30:00.000 GMT+0330,1581.858,1583.698,1578.798,1581.008,18294480.9495
18.02.2020 01:30:00.000 GMT+0330,1584.018,1605.018,1582.298,1601.215,59929440.3197
19.02.2020 01:30:00.000 GMT+0330,1601.378,1612.888,1599.455,1611.315,57496260.464200005
20.02.2020 01:30:00.000 GMT+0330,1612.118,1623.658,1603.785,1618.955,59950858.02629999
21.02.2020 01:30:00.000 GMT+0330,1619.638,1649.165,1618.895,1643.148,84298380.2557
22.02.2020 01:30:00.000 GMT+0330,1643.148,1643.148,1643.148,1643.148,0
23.02.2020 01:30:00.000 GMT+0330,1643.148,1643.148,1643.148,1643.148,0
24.02.2020 01:30:00.000 GMT+0330,1654.598,1689.255,1650.838,1659.095,116159778.8336
25.02.2020 01:30:00.000 GMT+0330,1658.828,1663.805,1624.898,1634.385,141516327.3812
26.02.2020 01:30:00.000 GMT+0330,1635.188,1654.895,1624.785,1640.608,112685832.739
27.02.2020 01:30:00.000 GMT+0330,1640.838,1660.368,1635.145,1644.708,191647255.6591
28.02.2020 01:30:00.000 GMT+0330,1644.108,1649.388,1562.848,1585.435,161685297.4889
29.02.2020 01:30:00.000 GMT+0330,1585.435,1585.435,1585.435,1585.435,0
01.03.2020 01:30:00.000 GMT+0330,1585.435,1585.435,1585.435,1585.435,0
02.03.2020 01:30:00.000 GMT+0330,1591.378,1610.958,1575.315,1589.108,215107725.50120002
03.03.2020 01:30:00.000 GMT+0330,1585.198,1649.208,1584.768,1640.528,190515770.6737
04.03.2020 01:30:00.000 GMT+0330,1640.258,1652.548,1631.798,1636.578,185897874.11699998
05.03.2020 01:30:00.000 GMT+0330,1637.288,1674.498,1634.888,1671.928,148076386.21319997
06.03.2020 01:30:00.000 GMT+0330,1672.348,1692.088,1642.128,1673.548,178703204.75090003
07.03.2020 01:30:00.000 GMT+0330,1673.548,1673.548,1673.548,1673.548,0
08.03.2020 01:30:00.000 GMT+0330,1673.548,1673.548,1673.548,1673.548,0
09.03.2020 00:30:00.000 GMT+0330,1694.895,1703.318,1657.308,1680.118,137940316.0809
10.03.2020 00:30:00.000 GMT+0330,1679.668,1680.398,1641.495,1648.948,130607134.58060001
11.03.2020 00:30:00.000 GMT+0330,1649.448,1671.158,1632.935,1634.498,107333409.3093
12.03.2020 00:30:00.000 GMT+0330,1633.778,1649.965,1560.508,1576.748,121893360.37629998
13.03.2020 00:30:00.000 GMT+0330,1579.228,1597.825,1504.398,1529.348,137517494.4397
14.03.2020 00:30:00.000 GMT+0330,1529.348,1529.348,1529.348,1529.348,0
15.03.2020 00:30:00.000 GMT+0330,1529.348,1529.348,1529.348,1529.348,0
16.03.2020 00:30:00.000 GMT+0330,1567.348,1575.305,1451.148,1513.768,118547280.6691
17.03.2020 00:30:00.000 GMT+0330,1512.078,1553.808,1465.468,1527.838,118845327.258
18.03.2020 00:30:00.000 GMT+0330,1527.168,1546.248,1472.625,1485.478,119936648.9651
19.03.2020 00:30:00.000 GMT+0330,1485.868,1500.828,1463.975,1470.528,87708381.77190001
20.03.2020 00:30:00.000 GMT+0330,1470.308,1516.045,1454.898,1498.698,76975946.66499999
21.03.2020 01:30:00.000 GMT+0430,1498.698,1498.698,1498.698,1498.698,0
22.03.2020 01:30:00.000 GMT+0430,1498.698,1498.698,1498.698,1498.698,0
23.03.2020 01:30:00.000 GMT+0430,1503.768,1561.198,1482.258,1552.638,84485029.4591
24.03.2020 01:30:00.000 GMT+0430,1554.928,1632.918,1552.788,1629.638,47644389.927499995
25.03.2020 01:30:00.000 GMT+0430,1628.728,1639.180,1594.682,1615.258,47561479.21079999
26.03.2020 01:30:00.000 GMT+0430,1615.948,1645.052,1595.301,1627.325,34256202.0421
27.03.2020 01:30:00.000 GMT+0430,1626.658,1635.238,1612.838,1626.148,38070590.913600005
28.03.2020 01:30:00.000 GMT+0430,1626.148,1626.148,1626.148,1626.148,0
29.03.2020 01:30:00.000 GMT+0430,1626.148,1626.148,1626.148,1626.148,0
30.03.2020 01:30:00.000 GMT+0430,1639.458,1639.458,1610.098,1621.905,45826550.6328
31.03.2020 01:30:00.000 GMT+0430,1619.298,1623.408,1574.188,1575.948,44280443.13200001
01.04.2020 01:30:00.000 GMT+0430,1573.038,1599.988,1567.468,1589.595,49793441.593700014
02.04.2020 01:30:00.000 GMT+0430,1588.468,1619.940,1582.818,1611.118,51887225.389599994
03.04.2020 01:30:00.000 GMT+0430,1611.388,1625.498,1605.625,1617.048,43645140.767
04.04.2020 01:30:00.000 GMT+0430,1617.048,1617.048,1617.048,1617.048,0
05.04.2020 01:30:00.000 GMT+0430,1617.048,1617.048,1617.048,1617.048,0
06.04.2020 01:30:00.000 GMT+0430,1615.578,1668.648,1609.000,1660.905,47534665.10759999
07.04.2020 01:30:00.000 GMT+0430,1658.738,1674.828,1642.128,1646.080,63785678.71450001
08.04.2020 01:30:00.000 GMT+0430,1646.080,1656.288,1640.398,1644.258,39969020.1281
09.04.2020 01:30:00.000 GMT+0430,1644.000,1689.948,1644.000,1682.148,46255319.595400006
10.04.2020 01:30:00.000 GMT+0430,1682.148,1682.148,1682.148,1682.148,0
11.04.2020 01:30:00.000 GMT+0430,1682.148,1682.148,1682.148,1682.148,0
12.04.2020 01:30:00.000 GMT+0430,1682.148,1682.148,1682.148,1682.148,0
13.04.2020 01:30:00.000 GMT+0430,1686.218,1722.548,1675.000,1713.868,47004028.0221
14.04.2020 01:30:00.000 GMT+0430,1709.478,1747.625,1708.735,1725.875,67453220.3674
15.04.2020 01:30:00.000 GMT+0430,1727.188,1730.998,1707.518,1716.288,51956189.274900004
16.04.2020 01:30:00.000 GMT+0430,1716.578,1738.648,1707.498,1716.428,62850838.214200005
17.04.2020 01:30:00.000 GMT+0430,1713.928,1719.388,1679.125,1681.998,64459932.0293
18.04.2020 01:30:00.000 GMT+0430,1681.998,1681.998,1681.998,1681.998,0
19.04.2020 01:30:00.000 GMT+0430,1681.998,1681.998,1681.998,1681.998,0
20.04.2020 01:30:00.000 GMT+0430,1679.878,1702.138,1671.598,1694.798,55313466.7871
21.04.2020 01:30:00.000 GMT+0430,1692.618,1697.796,1659.298,1685.008,61205247.67030001
22.04.2020 01:30:00.000 GMT+0430,1683.238,1718.555,1679.908,1713.058,64567570.805700004
23.04.2020 01:30:00.000 GMT+0430,1713.038,1738.558,1707.328,1729.228,65949349.165
24.04.2020 01:30:00.000 GMT+0430,1729.398,1736.208,1710.508,1727.698,62210544.19860001
25.04.2020 01:30:00.000 GMT+0430,1727.698,1727.698,1727.698,1727.698,0
26.04.2020 01:30:00.000 GMT+0430,1727.698,1727.698,1727.698,1727.698,0
27.04.2020 01:30:00.000 GMT+0430,1726.388,1727.248,1705.995,1713.358,74220740.3182
28.04.2020 01:30:00.000 GMT+0430,1713.408,1715.945,1691.678,1707.465,80414427.5785
29.04.2020 01:30:00.000 GMT+0430,1706.758,1717.398,1697.805,1712.378,64480038.553600006
30.04.2020 01:30:00.000 GMT+0430,1711.598,1721.598,1681.068,1685.998,68512512.98179999
01.05.2020 01:30:00.000 GMT+0430,1684.838,1705.068,1670.418,1698.818,82950562.388
02.05.2020 01:30:00.000 GMT+0430,1698.818,1698.818,1698.818,1698.818,0
03.05.2020 01:30:00.000 GMT+0430,1698.818,1698.818,1698.818,1698.818,0
04.05.2020 01:30:00.000 GMT+0430,1697.878,1713.228,1691.328,1701.758,51274001.35999999
05.05.2020 01:30:00.000 GMT+0430,1700.968,1711.568,1689.788,1704.988,49387499.5709
06.05.2020 01:30:00.000 GMT+0430,1705.328,1708.071,1682.008,1685.068,50555360.43659999
07.05.2020 01:30:00.000 GMT+0430,1681.518,1721.888,1681.308,1715.248,57487925.29099999
08.05.2020 01:30:00.000 GMT+0430,1715.218,1723.148,1700.545,1701.408,64902245.10430001
09.05.2020 01:30:00.000 GMT+0430,1701.408,1701.408,1701.408,1701.408,0
10.05.2020 01:30:00.000 GMT+0430,1701.408,1701.408,1701.408,1701.408,0
11.05.2020 01:30:00.000 GMT+0430,1701.558,1712.058,1691.825,1697.408,66256757.2593
12.05.2020 01:30:00.000 GMT+0430,1696.038,1710.698,1693.605,1702.068,57583464.11599999
13.05.2020 01:30:00.000 GMT+0430,1700.368,1718.018,1699.348,1715.568,76038567.96050002
14.05.2020 01:30:00.000 GMT+0430,1715.568,1736.348,1710.828,1730.315,63777584.6718
15.05.2020 01:30:00.000 GMT+0430,1729.248,1751.398,1728.428,1741.628,77519820.7497
16.05.2020 01:30:00.000 GMT+0430,1741.628,1741.628,1741.628,1741.628,0
17.05.2020 01:30:00.000 GMT+0430,1741.628,1741.628,1741.628,1741.628,0
18.05.2020 01:30:00.000 GMT+0430,1734.868,1765.018,1727.458,1732.305,85084376.7527
19.05.2020 01:30:00.000 GMT+0430,1730.418,1747.818,1726.205,1744.408,85646831.7508
20.05.2020 01:30:00.000 GMT+0430,1744.288,1753.735,1742.528,1747.628,77077420.77120002
21.05.2020 01:30:00.000 GMT+0430,1747.088,1748.538,1717.155,1727.362,74097482.44280002
22.05.2020 01:30:00.000 GMT+0430,1725.518,1739.955,1724.278,1733.648,59924359.6493
23.05.2020 01:30:00.000 GMT+0430,1733.648,1733.648,1733.648,1733.648,0
24.05.2020 01:30:00.000 GMT+0430,1733.648,1733.648,1733.648,1733.648,0
25.05.2020 01:30:00.000 GMT+0430,1731.308,1734.318,1721.168,1728.075,33714108.7652
26.05.2020 01:30:00.000 GMT+0430,1727.928,1735.325,1708.558,1710.128,67774841.48730001
27.05.2020 01:30:00.000 GMT+0430,1708.238,1715.895,1693.598,1708.778,67130594.84970002
28.05.2020 01:30:00.000 GMT+0430,1710.378,1727.428,1706.988,1717.438,66163519.322900005
29.05.2020 01:30:00.000 GMT+0430,1716.608,1737.773,1712.428,1728.695,62912543.594699994
30.05.2020 01:30:00.000 GMT+0430,1728.695,1728.695,1728.695,1728.695,0
31.05.2020 01:30:00.000 GMT+0430,1728.695,1728.695,1728.695,1728.695,0
01.06.2020 01:30:00.000 GMT+0430,1735.808,1744.525,1727.553,1738.988,67261019.4684
02.06.2020 01:30:00.000 GMT+0430,1734.288,1745.008,1721.215,1727.158,65317651.510199994
03.06.2020 01:30:00.000 GMT+0430,1726.348,1731.908,1689.245,1699.108,81489988.02919999
04.06.2020 01:30:00.000 GMT+0430,1695.038,1721.863,1695.038,1713.518,69325884.9979
05.06.2020 01:30:00.000 GMT+0430,1713.058,1715.988,1670.745,1684.758,85671759.24780002
06.06.2020 01:30:00.000 GMT+0430,1684.758,1684.758,1684.758,1684.758,0
07.06.2020 01:30:00.000 GMT+0430,1684.758,1684.758,1684.758,1684.758,0
08.06.2020 01:30:00.000 GMT+0430,1674.868,1700.618,1674.868,1697.978,68710274.99419998
09.06.2020 01:30:00.000 GMT+0430,1696.838,1720.668,1692.025,1711.828,73960050.28490001
10.06.2020 01:30:00.000 GMT+0430,1712.788,1739.675,1707.695,1738.158,67523142.3377
11.06.2020 01:30:00.000 GMT+0430,1737.388,1744.575,1721.445,1727.208,72187145.4715
12.06.2020 01:30:00.000 GMT+0430,1726.888,1742.948,1722.135,1729.728,70735090.4943
13.06.2020 01:30:00.000 GMT+0430,1729.728,1729.728,1729.728,1729.728,0
14.06.2020 01:30:00.000 GMT+0430,1729.728,1729.728,1729.728,1729.728,0
15.06.2020 01:30:00.000 GMT+0430,1730.258,1735.258,1704.025,1724.885,83290739.35720001
16.06.2020 01:30:00.000 GMT+0430,1724.848,1732.748,1716.535,1726.795,77388275.08690001
17.06.2020 01:30:00.000 GMT+0430,1726.598,1730.165,1712.548,1726.495,60120930.6123
18.06.2020 01:30:00.000 GMT+0430,1721.198,1737.438,1717.435,1722.355,61513364.6133
19.06.2020 01:30:00.000 GMT+0430,1718.678,1745.168,1718.678,1743.268,61707936.6443
20.06.2020 01:30:00.000 GMT+0430,1743.268,1743.268,1743.268,1743.268,0
21.06.2020 01:30:00.000 GMT+0430,1743.268,1743.268,1743.268,1743.268,0
22.06.2020 01:30:00.000 GMT+0430,1750.178,1763.058,1742.598,1754.408,84699788.57020001
23.06.2020 01:30:00.000 GMT+0430,1754.438,1770.998,1747.295,1767.648,74297739.5054
24.06.2020 01:30:00.000 GMT+0430,1768.408,1779.388,1760.138,1760.138,81645494.75919998
25.06.2020 01:30:00.000 GMT+0430,1759.038,1768.785,1753.548,1763.155,68680159.06189999
26.06.2020 01:30:00.000 GMT+0430,1763.258,1771.948,1747.368,1770.898,70936554.5511
27.06.2020 01:30:00.000 GMT+0430,1770.898,1770.898,1770.898,1770.898,0
28.06.2020 01:30:00.000 GMT+0430,1770.898,1770.898,1770.898,1770.898,0
29.06.2020 01:30:00.000 GMT+0430,1774.918,1775.748,1765.538,1772.218,56527141.1538
30.06.2020 01:30:00.000 GMT+0430,1769.788,1785.850,1764.425,1780.378,59518129.318900004
01.07.2020 01:30:00.000 GMT+0430,1780.278,1789.008,1758.948,1769.598,66342052.87699999
02.07.2020 01:30:00.000 GMT+0430,1769.758,1779.425,1757.438,1774.648,56427455.24650001
03.07.2020 01:30:00.000 GMT+0430,1775.258,1777.048,1772.588,1774.818,24276947.8558
04.07.2020 01:30:00.000 GMT+0430,1774.818,1774.818,1774.818,1774.818,0
05.07.2020 01:30:00.000 GMT+0430,1774.818,1774.818,1774.818,1774.818,0
06.07.2020 01:30:00.000 GMT+0430,1773.368,1786.918,1769.818,1784.098,50676266.9384
07.07.2020 01:30:00.000 GMT+0430,1782.688,1797.358,1773.398,1794.468,63701415.00229999
08.07.2020 01:30:00.000 GMT+0430,1794.718,1817.848,1791.448,1808.338,58850178.808
09.07.2020 01:30:00.000 GMT+0430,1805.018,1815.855,1795.258,1802.988,61911509.5139
10.07.2020 01:30:00.000 GMT+0430,1801.258,1810.496,1793.935,1798.088,50328258.4847
11.07.2020 01:30:00.000 GMT+0430,1798.088,1798.088,1798.088,1798.088,0
12.07.2020 01:30:00.000 GMT+0430,1798.088,1798.088,1798.088,1798.088,0
13.07.2020 01:30:00.000 GMT+0430,1799.188,1813.198,1797.708,1802.238,53311214.98340001
14.07.2020 01:30:00.000 GMT+0430,1802.538,1810.788,1790.418,1808.878,62056741.2974
15.07.2020 01:30:00.000 GMT+0430,1807.838,1814.916,1802.228,1809.828,57357362.18090001
16.07.2020 01:30:00.000 GMT+0430,1809.648,1813.138,1794.788,1796.588,52349286.4072
17.07.2020 01:30:00.000 GMT+0430,1796.458,1811.878,1795.608,1809.248,40067572.9514
18.07.2020 01:30:00.000 GMT+0430,1809.248,1809.248,1809.248,1809.248,0
19.07.2020 01:30:00.000 GMT+0430,1809.248,1809.248,1809.248,1809.248,0
20.07.2020 01:30:00.000 GMT+0430,1808.838,1820.438,1805.565,1817.498,52293440.28209999
21.07.2020 01:30:00.000 GMT+0430,1817.288,1843.398,1815.668,1841.465,67186440.11019999
22.07.2020 01:30:00.000 GMT+0430,1839.208,1871.948,1839.208,1870.908,87924804.4488
23.07.2020 01:30:00.000 GMT+0430,1871.758,1898.228,1863.909,1886.958,100871536.7319
24.07.2020 01:30:00.000 GMT+0430,1885.228,1906.458,1881.265,1901.098,74174447.2383
25.07.2020 01:30:00.000 GMT+0430,1901.098,1901.098,1901.098,1901.098,0
26.07.2020 01:30:00.000 GMT+0430,1901.098,1901.098,1901.098,1901.098,0
27.07.2020 01:30:00.000 GMT+0430,1901.988,1945.515,1899.638,1941.978,117938120.842
28.07.2020 01:30:00.000 GMT+0430,1941.508,1980.980,1906.645,1957.218,114649057.86509998
29.07.2020 01:30:00.000 GMT+0430,1957.688,1980.798,1941.328,1970.378,80367180.4667
30.07.2020 01:30:00.000 GMT+0430,1969.588,1971.445,1939.245,1956.148,90126812.93490002
31.07.2020 01:30:00.000 GMT+0430,1956.318,1984.218,1954.908,1975.568,90137291.96800001
01.08.2020 01:30:00.000 GMT+0430,1975.568,1975.568,1975.568,1975.568,0
02.08.2020 01:30:00.000 GMT+0430,1975.568,1975.568,1975.568,1975.568,0
03.08.2020 01:30:00.000 GMT+0430,1978.898,1989.148,1960.378,1976.378,74593803.8825
04.08.2020 01:30:00.000 GMT+0430,1976.348,2019.885,1966.725,2018.548,72785097.1221
05.08.2020 01:30:00.000 GMT+0430,2018.518,2055.648,2009.338,2037.418,97587746.4416
06.08.2020 01:30:00.000 GMT+0430,2038.578,2069.595,2034.385,2062.828,86805336.05789998
07.08.2020 01:30:00.000 GMT+0430,2063.348,2074.798,2015.385,2034.298,118280467.03340001
08.08.2020 01:30:00.000 GMT+0430,2034.298,2034.298,2034.298,2034.298,0
09.08.2020 01:30:00.000 GMT+0430,2034.298,2034.298,2034.298,2034.298,0
10.08.2020 01:30:00.000 GMT+0430,2033.708,2049.748,2018.638,2026.728,84750752.9259
11.08.2020 01:30:00.000 GMT+0430,2027.498,2029.935,1901.188,1910.928,120491916.6563
12.08.2020 01:30:00.000 GMT+0430,1909.408,1949.548,1862.318,1915.138,132044485.09200002
13.08.2020 01:30:00.000 GMT+0430,1915.718,1966.165,1912.608,1952.968,104746261.95429997
14.08.2020 01:30:00.000 GMT+0430,1953.128,1962.075,1932.025,1943.998,92041398.04840001
15.08.2020 01:30:00.000 GMT+0430,1943.998,1943.998,1943.998,1943.998,0
16.08.2020 01:30:00.000 GMT+0430,1943.998,1943.998,1943.998,1943.998,0
17.08.2020 01:30:00.000 GMT+0430,1948.718,1990.478,1929.348,1984.948,86962546.34849998
18.08.2020 01:30:00.000 GMT+0430,1984.268,2015.498,1975.898,2001.998,95397821.18819998
19.08.2020 01:30:00.000 GMT+0430,2001.728,2006.355,1924.528,1928.488,109227890.01459998
20.08.2020 01:30:00.000 GMT+0430,1928.438,1955.125,1924.688,1946.668,107240889.43000004
21.08.2020 01:30:00.000 GMT+0430,1946.738,1955.765,1911.238,1939.618,101114348.05399999
22.08.2020 01:30:00.000 GMT+0430,1939.618,1939.618,1939.618,1939.618,0
23.08.2020 01:30:00.000 GMT+0430,1939.618,1939.618,1939.618,1939.618,0
24.08.2020 01:30:00.000 GMT+0430,1939.868,1961.788,1923.608,1928.418,84926125.1688
25.08.2020 01:30:00.000 GMT+0430,1926.628,1937.425,1914.105,1927.658,79810054.6
26.08.2020 01:30:00.000 GMT+0430,1930.918,1954.748,1902.678,1953.938,80266145.1696
27.08.2020 01:30:00.000 GMT+0430,1954.288,1976.578,1909.778,1929.098,94784833.3119
28.08.2020 01:30:00.000 GMT+0430,1928.718,1973.718,1923.288,1964.428,90033887.32689999
29.08.2020 01:30:00.000 GMT+0430,1964.428,1964.428,1964.428,1964.428,0
30.08.2020 01:30:00.000 GMT+0430,1964.428,1964.428,1964.428,1964.428,0
31.08.2020 01:30:00.000 GMT+0430,1965.378,1976.465,1954.125,1967.438,77214074.73110001
01.09.2020 01:30:00.000 GMT+0430,1967.108,1992.298,1963.115,1969.988,88593084.0968
02.09.2020 01:30:00.000 GMT+0430,1969.408,1973.118,1932.428,1942.468,89013887.8822
03.09.2020 01:30:00.000 GMT+0430,1942.038,1950.905,1921.658,1930.328,90053659.7967
04.09.2020 01:30:00.000 GMT+0430,1930.958,1947.655,1916.198,1933.298,84194229.8413
05.09.2020 01:30:00.000 GMT+0430,1933.298,1933.298,1933.298,1933.298,0
06.09.2020 01:30:00.000 GMT+0430,1933.298,1933.298,1933.298,1933.298,0
07.09.2020 01:30:00.000 GMT+0430,1929.788,1941.268,1924.288,1927.998,32411380.2909
08.09.2020 01:30:00.000 GMT+0430,1929.298,1940.748,1906.428,1931.648,65137250.3938
09.09.2020 01:30:00.000 GMT+0430,1931.538,1950.775,1919.935,1946.358,49544620.21590001
10.09.2020 01:30:00.000 GMT+0430,1946.388,1966.398,1941.315,1945.408,61198339.4624
11.09.2020 01:30:00.000 GMT+0430,1944.678,1954.658,1937.008,1938.928,64632849.812699996
12.09.2020 01:30:00.000 GMT+0430,1938.928,1938.928,1938.928,1938.928,0
13.09.2020 01:30:00.000 GMT+0430,1938.928,1938.928,1938.928,1938.928,0
14.09.2020 01:30:00.000 GMT+0430,1940.548,1962.385,1937.018,1956.538,52430419.14669999
15.09.2020 01:30:00.000 GMT+0430,1956.998,1972.028,1948.278,1953.848,55975669.8906
16.09.2020 01:30:00.000 GMT+0430,1953.048,1973.468,1949.798,1958.878,63567809.849700004
17.09.2020 01:30:00.000 GMT+0430,1958.918,1960.865,1932.745,1943.718,66771692.395100005
18.09.2020 01:30:00.000 GMT+0430,1943.648,1959.898,1943.548,1949.718,53074864.6257
19.09.2020 01:30:00.000 GMT+0430,1949.718,1949.718,1949.718,1949.718,0
20.09.2020 01:30:00.000 GMT+0430,1949.718,1949.718,1949.718,1949.718,0
21.09.2020 00:30:00.000 GMT+0330,1949.588,1955.458,1882.375,1912.058,77779617.6077
22.09.2020 00:30:00.000 GMT+0330,1912.448,1919.888,1894.458,1899.868,76263438.5229
23.09.2020 00:30:00.000 GMT+0330,1900.008,1905.208,1855.678,1863.158,94660693.04949999
24.09.2020 00:30:00.000 GMT+0330,1863.348,1876.988,1848.635,1867.418,88297985.0174
25.09.2020 00:30:00.000 GMT+0330,1867.648,1875.075,1852.298,1860.998,72296869.9932
26.09.2020 00:30:00.000 GMT+0330,1860.998,1860.998,1860.998,1860.998,0
27.09.2020 00:30:00.000 GMT+0330,1860.998,1860.998,1860.998,1860.998,0
28.09.2020 00:30:00.000 GMT+0330,1859.448,1882.898,1848.455,1881.218,65505659.7292
29.09.2020 00:30:00.000 GMT+0330,1880.848,1898.958,1875.308,1897.718,62756740.5702
30.09.2020 00:30:00.000 GMT+0330,1898.028,1902.115,1881.238,1885.568,69700635.19489999
01.10.2020 00:30:00.000 GMT+0330,1885.538,1912.028,1884.555,1905.818,68767590.6422
02.10.2020 00:30:00.000 GMT+0330,1904.978,1916.975,1889.638,1898.868,62154085.2787
03.10.2020 00:30:00.000 GMT+0330,1898.868,1898.868,1898.868,1898.868,0
04.10.2020 00:30:00.000 GMT+0330,1898.868,1898.868,1898.868,1898.868,0
05.10.2020 00:30:00.000 GMT+0330,1903.828,1918.575,1886.898,1913.098,53063369.9297
06.10.2020 00:30:00.000 GMT+0330,1912.568,1921.018,1874.558,1877.748,64131051.838700004
07.10.2020 00:30:00.000 GMT+0330,1878.368,1897.898,1872.748,1886.948,53350954.83059999
08.10.2020 00:30:00.000 GMT+0330,1886.638,1900.498,1881.938,1893.628,48598360.33
09.10.2020 00:30:00.000 GMT+0330,1893.538,1930.325,1893.378,1929.618,56612475.752799995
10.10.2020 00:30:00.000 GMT+0330,1929.618,1929.618,1929.618,1929.618,0
11.10.2020 00:30:00.000 GMT+0330,1929.618,1929.618,1929.618,1929.618,0
12.10.2020 00:30:00.000 GMT+0330,1928.788,1933.048,1918.158,1922.438,59648195.1474
13.10.2020 00:30:00.000 GMT+0330,1922.578,1925.355,1886.308,1891.008,67382717.073
14.10.2020 00:30:00.000 GMT+0330,1891.078,1912.828,1882.395,1901.448,56485474.76529999
15.10.2020 00:30:00.000 GMT+0330,1901.538,1908.798,1889.438,1908.398,59903010.160100006
16.10.2020 00:30:00.000 GMT+0330,1908.208,1913.808,1897.658,1898.968,47789750.4267
17.10.2020 00:30:00.000 GMT+0330,1898.968,1898.968,1898.968,1898.968,0
18.10.2020 00:30:00.000 GMT+0330,1898.968,1898.968,1898.968,1898.968,0
19.10.2020 00:30:00.000 GMT+0330,1899.668,1918.338,1896.878,1903.778,50734944.462799996
20.10.2020 00:30:00.000 GMT+0330,1903.498,1913.985,1894.618,1906.535,49492510.13980001
21.10.2020 00:30:00.000 GMT+0330,1907.788,1931.298,1907.788,1924.148,53696824.8487
22.10.2020 00:30:00.000 GMT+0330,1923.798,1925.878,1894.208,1903.828,51959690.68990001
23.10.2020 00:30:00.000 GMT+0330,1903.638,1914.108,1894.198,1901.258,46148210.1082
24.10.2020 00:30:00.000 GMT+0330,1901.258,1901.258,1901.258,1901.258,0
25.10.2020 00:30:00.000 GMT+0330,1901.258,1901.258,1901.258,1901.258,0
26.10.2020 00:30:00.000 GMT+0330,1903.298,1908.458,1891.135,1901.858,54653052.1514
27.10.2020 00:30:00.000 GMT+0330,1901.658,1911.348,1897.718,1907.668,45143970.072399996
28.10.2020 00:30:00.000 GMT+0330,1907.758,1910.768,1869.208,1876.968,69939720.51149999
29.10.2020 00:30:00.000 GMT+0330,1876.488,1884.858,1859.868,1867.518,68047550.261
30.10.2020 00:30:00.000 GMT+0330,1865.898,1889.698,1864.258,1878.438,69176219.7613
31.10.2020 00:30:00.000 GMT+0330,1878.438,1878.438,1878.438,1878.438,0
01.11.2020 00:30:00.000 GMT+0330,1878.438,1878.438,1878.438,1878.438,0
02.11.2020 01:30:00.000 GMT+0330,1876.928,1895.898,1873.308,1894.888,64736449.77830001
03.11.2020 01:30:00.000 GMT+0330,1895.148,1910.465,1886.835,1908.828,52289984.70320001
04.11.2020 01:30:00.000 GMT+0330,1908.738,1916.228,1880.635,1902.288,77450208.24679999
05.11.2020 01:30:00.000 GMT+0330,1903.038,1952.648,1902.028,1949.238,76777863.14479999
06.11.2020 01:30:00.000 GMT+0330,1948.378,1960.198,1935.468,1950.298,67388070.9412
07.11.2020 01:30:00.000 GMT+0330,1950.298,1950.298,1950.298,1950.298,0
08.11.2020 01:30:00.000 GMT+0330,1950.298,1950.298,1950.298,1950.298,0
09.11.2020 01:30:00.000 GMT+0330,1954.688,1965.415,1850.398,1862.078,90937927.48439999
10.11.2020 01:30:00.000 GMT+0330,1864.078,1890.238,1860.138,1877.038,77064183.47369999
11.11.2020 01:30:00.000 GMT+0330,1876.858,1884.378,1856.208,1865.228,59705315.291899994
12.11.2020 01:30:00.000 GMT+0330,1864.598,1883.698,1862.588,1876.588,59758580.207799986
13.11.2020 01:30:00.000 GMT+0330,1876.928,1896.658,1873.978,1888.288,52841044.127799995
14.11.2020 01:30:00.000 GMT+0330,1888.288,1888.288,1888.288,1888.288,0
15.11.2020 01:30:00.000 GMT+0330,1888.288,1888.288,1888.288,1888.288,0
16.11.2020 01:30:00.000 GMT+0330,1888.138,1898.928,1864.498,1888.578,62061666.846099995
17.11.2020 01:30:00.000 GMT+0330,1888.663,1893.325,1876.735,1879.998,54789476.03720002
18.11.2020 01:30:00.000 GMT+0330,1879.988,1884.718,1863.508,1871.868,60981652.37919999
19.11.2020 01:30:00.000 GMT+0330,1872.068,1873.968,1852.568,1865.808,59196039.49799999
20.11.2020 01:30:00.000 GMT+0330,1865.668,1879.618,1860.908,1870.318,49478039.68190001
21.11.2020 01:30:00.000 GMT+0330,1870.318,1870.318,1870.318,1870.318,0
22.11.2020 01:30:00.000 GMT+0330,1870.318,1870.318,1870.318,1870.318,0
23.11.2020 01:30:00.000 GMT+0330,1869.943,1876.038,1830.778,1837.488,59144653.73729999
24.11.2020 01:30:00.000 GMT+0330,1838.138,1838.948,1799.988,1807.208,73813220.32259999
25.11.2020 01:30:00.000 GMT+0330,1806.838,1817.578,1801.495,1807.498,56747049.6893
26.11.2020 01:30:00.000 GMT+0330,1807.608,1818.088,1805.634,1810.184,30045858.23400001
27.11.2020 01:30:00.000 GMT+0330,1809.463,1813.778,1774.218,1786.648,43446881.20470001
28.11.2020 01:30:00.000 GMT+0330,1786.648,1786.648,1786.648,1786.648,0
29.11.2020 01:30:00.000 GMT+0330,1786.648,1786.648,1786.648,1786.648,0
30.11.2020 01:30:00.000 GMT+0330,1787.208,1789.808,1764.245,1776.598,60067919.820499994
01.12.2020 01:30:00.000 GMT+0330,1776.291,1817.178,1775.685,1814.968,57635597.9127
02.12.2020 01:30:00.000 GMT+0330,1815.028,1832.338,1807.405,1830.528,49137992.98439999
03.12.2020 01:30:00.000 GMT+0330,1830.178,1843.808,1823.648,1840.778,54304684.94460005
04.12.2020 01:30:00.000 GMT+0330,1840.258,1848.088,1828.988,1838.208,55932740.15900003
05.12.2020 01:30:00.000 GMT+0330,1838.208,1838.208,1838.208,1838.208,0
06.12.2020 01:30:00.000 GMT+0330,1838.208,1838.208,1838.208,1838.208,0
07.12.2020 01:30:00.000 GMT+0330,1838.528,1868.448,1821.808,1862.418,50571197.98699999
08.12.2020 01:30:00.000 GMT+0330,1862.248,1875.168,1860.148,1870.168,42109560.02099996
09.12.2020 01:30:00.000 GMT+0330,1870.578,1870.908,1825.363,1833.255,552165.2575070333